많은 사랑을 받는 귀여운 고양이 종 TOP 7,순위충,"419,677회",4년 전
"병맛게임 모음! (우리고양이에게 장애가 있어요, 병림픽, 미친말게임)",최고기,"13,452회",10개월 전
고양이가 사랑하는 개 오빠한테 열받아서 화 낸 이유. 새끼고양이 어리둥절 ㅋㅋㅋ,복받은 캣독Blessing CatDog,"24,059회",15시간 전
고양이 손 무는 버릇 고치기 / 이게 최고임 다른거 필요없음,살줌이,512회,1개월 전
고양이 말숙인데요. 어제 라면맛 츄르 먹고 잤더니 좀 부었네요ㅣThe Identity of A Square Cat LOL,SBS TV동물농장x애니멀봐,"1,246,796회",2개월 전
윽박 고양이 뉴스사건 총정리본... (내용 읽어주세요 제 잘못 맞습니다),최고다윽박EUGBAK,"1,364,476회",3년 전
우리집 고양이가 얘 보더니 고양이 아니다에 츄르 가진거 다 건대요 ㅣ Swimming Phelps Cat *LIT*,SBS TV동물농장x애니멀봐,"5,025,849회",8개월 전
"""선생님 제 젤리상태 괜찮나옹"" 츄르 대신 녹용 챙겨먹는 고양이ㅋㅋㅣHealth Enthusiast Cat Eats Deer Antler And Check His Pulse",SBS TV동물농장x애니멀봐,"3,687,455회",5개월 전
고양이 중 최고지능?? 랙돌 고양이 도룡이랑 놀자!!,NatJoonho주노준호,"39,842회",1년 전
세계최고 고양이 하우스 캣타워,Cattopia캣토피아,"12,088회",1년 전
길고양이에게 개쫄은 시바견 / 우주최고 겁쟁이 쪼곰이의 하루 shibainu,시바견 곰이탱이여우,"74,979회",1년 전
"이 고양이는 마치 아침에 알람 백번 끄다 겨우 일어나 앉은 내 모습 ㅣJelly You Cat, Cuz You're Cute Even When You're Fat",SBS TV동물농장x애니멀봐,"581,870회",7개월 전
세계최고? 노르웨이숲 고양이 보니 설명서,피니엔스of Cats,"32,357회",3개월 전
마 !! 니가 이 지역 최고 고양이가 !? [게임 코아],코아 TV,"412,193회",1년 전
이 정신나간 게임을 내가 왜 했는가? - 고양이마리오3,최고기,"15,721회",1년 전
"영국 외무부 최고 쥐잡이 공무원, 고양이 파머스톤의 은퇴｜크랩",크랩 KLAB,"6,668회",2주 전
미친게임 드디어 끝장 내보겠습니다 - 고양이마리오3 (엔딩),최고기,"25,203회",1년 전
고양이 냄새맡기! 아기고양이 냄새 is 최고양!,토마토는토토,"396,776회",1년 전
[긴급] 장마철 비에 젖어 움직이지 않던 아기 길고양이를 구조했습니다.,Petple Project 펫플프로젝트,"4,987회",1일 전
불쌍한 아기고양이 구조해줬는데 자꾸 얻어맞는 영상. 배은망덕한 놈,복받은 캣독Blessing CatDog,"22,408회",2일 전
